task type,expected execution time,expected variance,expected response time,actual response timetask type,expected execution time,expected variance,expected response time,actual response timetask type,expected execution time,expected variance,expected response time,actual response timetask type,expected execution time,expected variance,expected response time,actual response timetask type,expected execution time,expected variance,expected response time,actual response timetask type,expected execution time,expected variance,expected response time,actual response timetask type,expected execution time,expected variance,expected response time,actual response timetask type,expected execution time,expected variance,expected response time,actual response timetask type,expected execution time,expected variance,expected response time,actual response timetask type,expected execution time,expected variance,expected response time,actual response timetask type,expected execution time,expected variance,expected response time,actual response timetask type,expected execution time,expected variance,expected response time,actual response timetask type,expected execution time,expected variance,expected response time,actual response timetask type,expected execution time,expected variance,expected response time,actual response timetask type,expected execution time,expected variance,expected response time,actual response timetask type,expected execution time,expected variance,expected response time,actual response timetask type,expected execution time,expected variance,expected response time,actual response timetask type,expected execution time,expected variance,expected response time,actual response timetask type,expected execution time,expected variance,expected response time,actual response timetask type,expected execution time,expected variance,expected response time,actual response timetask type,expected execution time,expected variance,expected response time,actual response timetask type,expected execution time,expected variance,expected response time,actual response timetask type,expected execution time,expected variance,expected response time,actual response timetask type,expected execution time,expected variance,expected response time,actual response timetask type,expected execution time,expected variance,expected response time,actual response timetask type,expected execution time,expected variance,expected response time,actual response timetask type,expected execution time,expected variance,expected response time,actual response timetask type,expected execution time,expected variance,expected response time,actual response timetask type,expected execution time,expected variance,expected response time,actual response timetask type,expected execution time,expected variance,expected response time,actual response timetask type,expected execution time,expected variance,expected response time,actual response timetask type,expected execution time,expected variance,expected response time,actual response timetask type,expected execution time,expected variance,expected response time,actual response timetask type,expected execution time,expected variance,expected response time,actual response timetask type,expected execution time,expected variance,expected response time,actual response timetask type,expected execution time,expected variance,expected response time,actual response timetask type,expected execution time,expected variance,expected response time,actual response timetask type,expected execution time,expected variance,expected response time,actual response timetask type,expected execution time,expected variance,expected response time,actual response timetask type,expected execution time,expected variance,expected response time,actual response timetask type,expected execution time,expected variance,expected response time,actual response timetask type,expected execution time,expected variance,expected response time,actual response timetask type,expected execution time,expected variance,expected response time,actual response timetask type,expected execution time,expected variance,expected response time,actual response timetask type,expected execution time,expected variance,expected response time,actual response timetask type,expected execution time,expected variance,expected response time,actual response timetask type,expected execution time,expected variance,expected response time,actual response timetask type,expected execution time,expected variance,expected response time,actual response timetask type,expected execution time,expected variance,expected response time,actual response timetask type,expected execution time,expected variance,expected response time,actual response timetask type,expected execution time,expected variance,expected response time,actual response timetask type,expected execution time,expected variance,expected response time,actual response timetask type,expected execution time,expected variance,expected response time,actual response timetask type,expected execution time,expected variance,expected response time,actual response timetask type,expected execution time,expected variance,expected response time,actual response timetask type,expected execution time,expected variance,expected response time,actual response timetask type,expected execution time,expected variance,expected response time,actual response timetask type,expected execution time,expected variance,expected response time,actual response timetask type,expected execution time,expected variance,expected response time,actual response timetask type,expected execution time,expected variance,expected response time,actual response timetask type,expected execution time,expected variance,expected response time,actual response timetask type,expected execution time,expected variance,expected response time,actual response timetask type,expected execution time,expected variance,expected response time,actual response timetask type,expected execution time,expected variance,expected response time,actual response timetask type,expected execution time,expected variance,expected response time,actual response timetask type,expected execution time,expected variance,expected response time,actual response timetask type,expected execution time,expected variance,expected response time,actual response timetask type,expected execution time,expected variance,expected response time,actual response timetask type,expected execution time,expected variance,expected response time,actual response timetask type,expected execution time,expected variance,expected response time,actual response timetask type,expected execution time,expected variance,expected response time,actual response timetask type,expected execution time,expected variance,expected response time,actual response timetask type,expected execution time,expected variance,expected response time,actual response timetask type,expected execution time,expected variance,expected response time,actual response timetask type,expected execution time,expected variance,expected response time,actual response timetask type,expected execution time,expected variance,expected response time,actual response timetask type,expected execution time,expected variance,expected response time,actual response timetask type,expected execution time,expected variance,expected response time,actual response timetask type,expected execution time,expected variance,expected response time,actual response timetask type,expected execution time,expected variance,expected response time,actual response timetask type,expected execution time,expected variance,expected response time,actual response timetask type,expected execution time,expected variance,expected response time,actual response timetask type,expected execution time,expected variance,expected response time,actual response timetask type,expected execution time,expected variance,expected response time,actual response timetask type,expected execution time,expected variance,expected response time,actual response timetask type,expected execution time,expected variance,expected response time,actual response timetask type,expected execution time,expected variance,expected response time,actual response timetask type,expected execution time,expected variance,expected response time,actual response timetask type,expected execution time,expected variance,expected response time,actual response timetask type,expected execution time,expected variance,expected response time,actual response timetask type,expected execution time,expected variance,expected response time,actual response timetask type,expected execution time,expected variance,expected response time,actual response timetask type,expected execution time,expected variance,expected response time,actual response timetask type,expected execution time,expected variance,expected response time,actual response timetask type,expected execution time,expected variance,expected response time,actual response timetask type,expected execution time,expected variance,expected response time,actual response timetask type,expected execution time,expected variance,expected response time,actual response timetask type,expected execution time,expected variance,expected response time,actual response timetask type,expected execution time,expected variance,expected response time,actual response timetask type,expected execution time,expected variance,expected response time,actual response timetask type,expected execution time,expected variance,expected response time,actual response timetask type,expected execution time,expected variance,expected response time,actual response timetask type,expected execution time,expected variance,expected response time,actual response timetask type,expected execution time,expected variance,expected response time,actual response timetask type,expected execution time,expected variance,expected response time,actual response timetask type,expected execution time,expected variance,expected response time,actual response timetask type,expected execution time,expected variance,expected response time,actual response timetask type,expected execution time,expected variance,expected response time,actual response timetask type,expected execution time,expected variance,expected response time,actual response timetask type,expected execution time,expected variance,expected response time,actual response timetask type,expected execution time,expected variance,expected response time,actual response timetask type,expected execution time,expected variance,expected response time,actual response timetask type,expected execution time,expected variance,expected response time,actual response timetask type,expected execution time,expected variance,expected response time,actual response timetask type,expected execution time,expected variance,expected response time,actual response timetask type,expected execution time,expected variance,expected response time,actual response timetask type,expected execution time,expected variance,expected response time,actual response timetask type,expected execution time,expected variance,expected response time,actual response timetask type,expected execution time,expected variance,expected response time,actual response timetask type,expected execution time,expected variance,expected response time,actual response timetask type,expected execution time,expected variance,expected response time,actual response timetask type,expected execution time,expected variance,expected response time,actual response timetask type,expected execution time,expected variance,expected response time,actual response timetask type,expected execution time,expected variance,expected response time,actual response timetask type,expected execution time,expected variance,expected response time,actual response timetask type,expected execution time,expected variance,expected response time,actual response timetask type,expected execution time,expected variance,expected response time,actual response timetask type,expected execution time,expected variance,expected response time,actual response timetask type,expected execution time,expected variance,expected response time,actual response timetask type,expected execution time,expected variance,expected response time,actual response timetask type,expected execution time,expected variance,expected response time,actual response timetask type,expected execution time,expected variance,expected response time,actual response timetask type,expected execution time,expected variance,expected response time,actual response timetask type,expected execution time,expected variance,expected response time,actual response timetask type,expected execution time,expected variance,expected response time,actual response timetask type,expected execution time,expected variance,expected response time,actual response timetask type,expected execution time,expected variance,expected response time,actual response timetask type,expected execution time,expected variance,expected response time,actual response timetask type,expected execution time,expected variance,expected response time,actual response timetask type,expected execution time,expected variance,expected response time,actual response timetask type,expected execution time,expected variance,expected response time,actual response timetask type,expected execution time,expected variance,expected response time,actual response timetask type,expected execution time,expected variance,expected response time,actual response timetask type,expected execution time,expected variance,expected response time,actual response timetask type,expected execution time,expected variance,expected response time,actual response timetask type,expected execution time,expected variance,expected response time,actual response timetask type,expected execution time,expected variance,expected response time,actual response timetask type,expected execution time,expected variance,expected response time,actual response timetask type,expected execution time,expected variance,expected response time,actual response timetask type,expected execution time,expected variance,expected response time,actual response timetask type,expected execution time,expected variance,expected response time,actual response timetask type,expected execution time,expected variance,expected response time,actual response timetask type,expected execution time,expected variance,expected response time,actual response timetask type,expected execution time,expected variance,expected response time,actual response timetask type,expected execution time,expected variance,expected response time,actual response timetask type,expected execution time,expected variance,expected response time,actual response timetask type,expected execution time,expected variance,expected response time,actual response timetask type,expected execution time,expected variance,expected response time,actual response timetask type,expected execution time,expected variance,expected response time,actual response timetask type,expected execution time,expected variance,expected response time,actual response timetask type,expected execution time,expected variance,expected response time,actual response timemethod,url,query,server,predicted response time,actual response time
method,url,query,server,predicted response time,actual response time
method,url,query,server,predicted response time,actual response time
method,url,query,server,predicted response time,actual response time
method,url,query,server,predicted response time,actual response time
method,url,query,server,predicted response time,actual response time
method,url,query,server,predicted response time,actual response time
method,url,query,server,predicted response time,actual response time
method,url,query,server,predicted response time,actual response time
method,url,query,server,predicted response time,actual response time
method,url,query,server,predicted response time,actual response time
method,url,query,server,predicted response time,actual response time
method,url,query,server,predicted response time,actual response time
method,url,query,server,predicted response time,actual response time
method,url,query,server,predicted response time,actual response time
method,url,query,server,predicted response time,actual response time
